{
  "Q": [
    [
      71.89010974071832,
      76.72639625335302,
      71.89010974071832,
      71.89010974071832,
      71.89010974071832,
      71.89010974071832,
      71.89010974071832,
      71.89010974071832,
      71.89010974071832
    ],
    [
      71.89010974071832,
      76.72639625335302,
      76.72639625335302,
      76.72639625335302,
      81.81760974071831,
      76.72639625335302,
      76.72639625335302,
      76.72639625335302,
      76.72639625335302
    ],
    [
      71.89010974071832,
      71.89010974071832,
      71.89010974071832,
      71.89010974071832,
      71.89010974071832,
      76.72639625335302,
      71.89010974071832,
      71.89010974071832,
      71.89010974071832
    ],
    [
      76.72639625335302,
      76.72639625335302,
      76.72639625335302,
      76.72639625335302,
      81.81760974071831,
      76.72639625335302,
      71.89010974071832,
      76.72639625335302,
      76.72639625335302
    ],
    [
      81.81760974071831,
      76.72639625335302,
      81.81760974071831,
      76.72639625335302,
      81.81760974071831,
      76.72639625335302,
      81.81760974071831,
      87.17639625335302,
      81.81760974071831
    ],
    [
      76.72639625335302,
      76.72639625335302,
      71.89010974071832,
      76.72639625335302,
      81.81760974071831,
      76.72639625335302,
      76.72639625335302,
      76.72639625335302,
      76.72639625335302
    ],
    [
      71.89010974071832,
      71.89010974071832,
      71.89010974071832,
      76.72639625335302,
      71.89010974071832,
      71.89010974071832,
      71.89010974071832,
      71.89010974071832,
      71.89010974071832
    ],
    [
      87.17639625335302,
      87.17639625335302,
      87.17639625335302,
      87.17639625335302,
      81.81760974071831,
      87.17639625335302,
      87.17639625335302,
      87.17639625335302,
      92.81760974071831
    ],
    [
      81.81760974071831,
      81.81760974071831,
      81.81760974071831,
      81.81760974071831,
      81.81760974071831,
      81.81760974071831,
      81.81760974071831,
      87.17639625335302,
      81.81760974071831
    ]
  ],
  "V": [
    76.72643130601928,
    81.81725921405581,
    76.72643130601928,
    81.81725921405581,
    87.17643130601928,
    81.81725921405581,
    76.72643130601928,
    92.81725921405581,
    87.17643130601928
  ],
  "optimal_next_code_by_state": [
    2,
    5,
    6,
    5,
    8,
    5,
    4,
    9,
    8
  ],
  "num_states": 9
}