{
  "Q": [
    [
      76.72639625335302,
      76.72639625335302,
      81.81760974071831,
      81.81760974071831,
      76.72639625335302,
      76.72639625335302,
      76.72639625335302,
      76.72639625335302,
      76.72639625335302
    ],
    [
      -19.99933399934126,
      -19.99933399934126,
      -19.99933399934126,
      -19.99933399934126,
      -19.99933399934126,
      -19.99933399934126,
      -19.99933399934126,
      -19.99933399934126,
      -19.99933399934126
    ],
    [
      76.72639625335302,
      81.81760974071831,
      81.81760974071831,
      81.81760974071831,
      81.81760974071831,
      87.17639625335302,
      81.81760974071831,
      81.81760974071831,
      81.81760974071831
    ],
    [
      76.72639625335302,
      81.81760974071831,
      81.81760974071831,
      81.81760974071831,
      81.81760974071831,
      87.17639625335302,
      87.17639625335302,
      81.81760974071831,
      81.81760974071831
    ],
    [
      -19.99933399934126,
      -19.99933399934126,
      -19.99933399934126,
      -19.99933399934126,
      -19.99933399934126,
      -19.99933399934126,
      -19.99933399934126,
      -19.99933399934126,
      -19.99933399934126
    ],
    [
      87.17639625335302,
      87.17639625335302,
      81.81760974071831,
      81.81760974071831,
      87.17639625335302,
      87.17639625335302,
      87.17639625335302,
      87.17639625335302,
      92.81760974071831
    ],
    [
      87.17639625335302,
      87.17639625335302,
      87.17639625335302,
      81.81760974071831,
      87.17639625335302,
      87.17639625335302,
      87.17639625335302,
      87.17639625335302,
      92.81760974071831
    ],
    [
      -19.99933399934126,
      -19.99933399934126,
      -19.99933399934126,
      -19.99933399934126,
      -19.99933399934126,
      -19.99933399934126,
      -19.99933399934126,
      -19.99933399934126,
      -19.99933399934126
    ],
    [
      81.81760974071831,
      81.81760974071831,
      81.81760974071831,
      81.81760974071831,
      81.81760974071831,
      87.17639625335302,
      87.17639625335302,
      81.81760974071831,
      81.81760974071831
    ]
  ],
  "V": [
    81.81725921405581,
    -19.99929894667501,
    87.17643130601928,
    87.17643130601928,
    -19.99929894667501,
    92.81725921405581,
    92.81725921405581,
    -19.99929894667501,
    87.17643130601928
  ],
  "optimal_next_code_by_state": [
    3,
    1,
    6,
    6,
    1,
    9,
    9,
    1,
    6
  ],
  "num_states": 9
}